file,bird
XC212943,bewwre
XC377560,houspa
XC313351,amerob
XC188131,whcspa
XC340598,mallar3
XC411048,rewbla
XC445794,houspa
XC288424,whcspa
XC457123,doccor
XC184175,whcspa
XC153407,daejun
XC302644,amerob
XC469010,bewwre
XC424517,spotow
XC349555,sonspa
XC288000,sonspa
XC26967,mallar3
XC348369,daejun
XC306941,sonspa
XC465645,stejay
XC219351,houfin
XC465628,grbher3
XC393299,amecro
XC284241,rebnut
XC380220,mallar3
XC127149,mallar3
XC284496,cangoo
XC479927,rewbla
XC143436,comrav
XC503595,cangoo
XC196545,annhum
XC394310,bkcchi
XC191980,amegfi
XC145158,houspa
XC418000,cangoo
XC393469,grbher3
XC302250,whcspa
XC180081,amecro
XC187482,rethaw
XC328180,annhum
XC500927,houfin
XC473436,spotow
XC163635,stejay
XC188462,comrav
XC160913,annhum
XC284684,rethaw
XC189286,sonspa
XC383905,amegfi
XC217858,bewwre
XC326408,houfin
XC394059,bkcchi
XC450707,spotow
XC254480,daejun
XC156740,whcspa
XC334983,comrav
XC388685,amecro
XC495837,mallar3
XC466048,amerob
XC298011,mallar3
XC423449,amerob
XC309650,sonspa
XC459174,rewbla
XC173153,bewwre
XC139881,rebnut
XC475247,stejay
XC463411,bkcchi
XC167989,rewbla
XC62259,cangoo
XC477979,rewbla
XC306321,norfli
XC163633,bewwre
XC321716,whcspa
XC141470,houfin
XC468461,houspa
XC149157,comrav
XC293291,amecro
XC104527,spotow
XC193767,daejun
XC452182,grbher3
XC323246,amerob
XC126654,spotow
XC425812,rethaw
XC217211,cangoo
XC145560,houspa
XC348368,daejun
XC407819,amerob
XC144367,mallar3
XC172198,spotow
XC114558,amecro
XC206087,bkcchi
XC446807,rebnut
XC278890,norfli
XC324964,spotow
XC163638,norfli
XC413799,sonspa
XC368593,norfli
XC304270,bkcchi
XC405292,houspa
XC445425,sonspa
XC132223,annhum
XC430945,houspa
XC502172,mallar3
XC132224,annhum
XC444806,houspa
XC163051,houfin
XC450927,norfli
XC367068,daejun
XC357810,rebnut
XC302382,grbher3
XC109855,daejun
XC219332,houfin
XC135672,rewbla
XC265521,stejay
XC412860,norfli
XC310256,amerob
XC169084,amegfi
XC294367,whcspa
XC348374,daejun
XC301671,comrav
XC324965,spotow
XC374110,spotow
XC445855,grbher3
XC205543,daejun
XC196691,annhum
XC51779,bkcchi
XC246426,comrav
XC465285,houspa
XC362377,cangoo
XC178944,stejay
XC325117,whcspa
XC379008,daejun
XC371799,bewwre
XC487483,daejun
XC86760,bkcchi
XC197260,amecro
XC452505,annhum
XC165034,amegfi
XC215818,comrav
XC185193,houfin
XC161454,stejay
XC469746,daejun
XC190343,rethaw
XC331711,rewbla
XC320564,spotow
XC178322,bewwre
XC162099,grbher3
XC253363,rewbla
XC391012,mallar3
XC152586,daejun
XC27165,cangoo
XC46613,mallar3
XC131447,amecro
XC436852,rewbla
XC114555,amecro
XC428670,rewbla
XC195545,daejun
XC304006,mallar3
XC183355,sonspa
XC337062,cangoo
XC126656,spotow
XC170551,norfli
XC344965,amegfi
XC253589,daejun
XC453108,rewbla
XC178778,bkcchi
XC475741,bewwre
XC164258,spotow
XC165302,amerob
XC253133,comrav
XC172401,daejun
XC388592,bkcchi
XC369977,whcspa
XC494455,stejay
XC149407,sonspa
XC255135,comrav
XC321708,rethaw
XC482700,rewbla
XC17116,rethaw
XC465049,bkcchi
XC335242,bkcchi
XC135673,rewbla
XC129573,houspa
XC453934,amegfi
XC131299,houspa
XC471288,cangoo
XC168048,spotow
XC371062,amecro
XC486018,whcspa
XC483628,amerob
XC381590,daejun
XC349393,comrav
XC332713,stejay
XC322207,cangoo
XC253526,sonspa
XC503596,cangoo
XC206129,whcspa
XC313675,norfli
XC348367,daejun
XC146297,amerob
XC184642,houspa
XC172878,amecro
XC298825,mallar3
XC217839,bewwre
XC451209,amecro
XC420846,sonspa
XC456269,stejay
XC337559,stejay
XC287881,sonspa
XC171727,amerob
XC351540,amecro
XC139603,bkcchi
XC114667,daejun
XC303684,stejay
XC189382,cangoo
XC313353,bkcchi
XC493890,rethaw
XC436230,houspa
XC356480,rethaw
XC139055,bkcchi
XC153132,cangoo
XC289049,annhum
XC186315,comrav
XC437593,amegfi
XC126671,spotow
XC125473,stejay
XC188842,amecro
XC448807,whcspa
XC498247,houfin
XC433804,stejay
XC421296,sonspa
XC405192,houspa
XC371800,bewwre
XC211323,rebnut
XC376038,spotow
XC392775,houspa
XC503474,houspa
XC210516,bkcchi
XC184306,bkcchi
XC174593,comrav
XC219342,houfin
XC135084,rebnut
XC155440,amecro
XC197025,comrav
XC416034,whcspa
XC465052,bkcchi
XC299852,bkcchi
XC169081,amegfi
XC294460,amerob
XC354737,annhum
XC165285,amerob
XC392872,rewbla
XC156765,whcspa
XC314993,cangoo
XC444230,houspa
XC339883,grbher3
XC451302,bewwre
XC168639,rewbla
XC477032,rewbla
XC168882,bkcchi
XC124485,norfli
XC406330,daejun
XC113587,mallar3
XC172426,norfli
XC179640,sonspa
XC26970,mallar3
XC461524,rewbla
XC307576,norfli
XC406258,bkcchi
XC153519,grbher3
XC123506,bkcchi
XC486224,grbher3
XC414631,mallar3
XC131093,amerob
XC122631,norfli
XC356716,stejay
XC139906,norfli
XC17117,rethaw
XC483030,amegfi
XC175039,bkcchi
XC126638,spotow
XC132861,bkcchi
XC11578,norfli
XC202610,rebnut
XC189057,amerob
XC113616,comrav
XC307976,spotow
XC234576,comrav
XC381584,daejun
XC349772,rebnut
XC132255,annhum
XC369681,rethaw
XC302555,rethaw
XC338199,amerob
XC155441,amecro
XC479794,norfli
XC235064,stejay
XC299109,rebnut
XC320371,spotow
XC377075,grbher3
XC495822,mallar3
XC185532,spotow
XC348361,annhum
XC71575,rethaw
XC302569,spotow
XC313739,bkcchi
XC132241,annhum
XC151103,annhum
XC304672,stejay
XC209702,cangoo
XC472277,whcspa
XC425424,spotow
XC128369,mallar3
XC498904,stejay
XC320725,rebnut
XC413798,sonspa
XC323227,norfli
XC99572,whcspa
XC270324,comrav
XC173883,rewbla
XC302823,rewbla
XC132226,annhum
XC301851,sonspa
XC121434,daejun
XC418340,cangoo
XC383427,stejay
XC418339,sonspa
XC143673,rewbla
XC305762,bkcchi
XC459668,mallar3
XC406666,sonspa
XC62258,mallar3
XC108658,doccor
XC383961,amerob
XC131959,sonspa
XC495835,mallar3
XC376226,spotow
XC480926,amerob
XC340727,rebnut
XC215342,sonspa
XC317205,amecro
XC254464,spotow
XC315688,amecro
XC295329,stejay
XC460750,grbher3
XC301952,cangoo
XC321823,norfli
XC282514,norfli
XC171092,bewwre
XC445427,spotow
XC329096,stejay
XC173881,rethaw
XC236834,houspa
XC140991,houfin
XC449110,rethaw
XC453882,rethaw
XC484692,rethaw
XC142621,sonspa
XC109901,rewbla
XC254548,houfin
XC493659,rethaw
XC480682,amerob
XC462768,annhum
XC279723,amecro
XC458997,cangoo
XC483751,rethaw
XC131689,mallar3
XC294424,amegfi
XC172197,stejay
XC173440,cangoo
XC325229,bewwre
XC104536,norfli
XC218807,doccor
XC407057,cangoo
XC494408,grbher3
XC163615,comrav
XC445849,whcspa
XC468991,amerob
XC297450,spotow
XC215344,sonspa
XC172405,amerob
XC376227,spotow
XC357735,grbher3
XC172414,rebnut
XC210732,amegfi
XC309636,amerob
XC321315,rethaw
XC152456,bewwre
XC173436,cangoo
XC406522,annhum
XC414931,amecro
XC110261,stejay
XC110383,rebnut
XC217833,bewwre
XC190342,rethaw
XC289859,comrav
XC134508,daejun
XC192306,houspa
XC406326,amerob
XC156532,bkcchi
XC278922,comrav
XC173880,rethaw
XC216179,annhum
XC155232,sonspa
XC391164,spotow
XC297305,mallar3
XC381507,amecro
XC445435,houspa
XC320383,amecro
XC348373,daejun
XC109301,amegfi
XC134495,amecro
XC181454,spotow
XC417551,houspa
XC494453,stejay
XC122883,mallar3
XC333998,amegfi
XC196263,rewbla
XC110380,rebnut
XC132236,annhum
XC468243,amerob
XC209086,mallar3
XC168794,rewbla
XC183590,bewwre
XC448914,cangoo
XC160880,amecro
XC466061,stejay
XC169596,annhum
XC212099,houfin
XC413030,amecro
XC319439,houfin
XC338429,rebnut
XC188373,houfin
XC358971,houspa
XC452956,whcspa
XC382858,sonspa
XC488530,rebnut
XC179496,spotow
XC390196,stejay
XC312752,amecro
XC350182,rethaw
XC464999,amerob
XC206153,whcspa
XC149419,sonspa
XC321394,rebnut
XC379470,houspa
XC376182,amecro
XC164112,rewbla
XC473437,spotow
XC437498,mallar3
XC326520,grbher3
XC141762,rewbla
XC373822,rethaw
XC219346,houfin
XC479767,rebnut
XC172423,amerob
XC477785,sonspa
XC327795,sonspa
XC408111,grbher3
XC192288,grbher3
XC315299,amegfi
XC157318,comrav
XC143575,grbher3
XC356720,stejay
XC126884,norfli
XC472264,rebnut
XC438369,mallar3
XC267999,daejun
XC349814,houspa
XC173873,rethaw
XC483727,norfli
XC464670,amerob
XC393994,sonspa
XC333643,bewwre
XC323975,bewwre
XC60065,rethaw
XC288003,whcspa
XC445962,stejay
XC445428,spotow
XC495824,mallar3
XC192705,rewbla
XC476247,cangoo
XC290132,sonspa
XC210483,cangoo
XC255471,amegfi
XC465047,rebnut
XC351078,bewwre
XC165303,amerob
XC165267,amerob
XC299111,rebnut
XC288255,sonspa
XC420412,whcspa
XC193108,doccor
XC377127,rethaw
XC303989,mallar3
XC132246,annhum
XC210695,grbher3
XC133569,amegfi
XC326857,bewwre
XC189975,daejun
XC452506,annhum
XC461763,mallar3
XC332644,bewwre
XC485873,cangoo
XC217854,bewwre
XC295327,stejay
XC296308,amecro
XC176153,whcspa
XC324394,amerob
XC184200,norfli
XC196023,norfli
XC429249,sonspa
XC452964,grbher3
XC169187,houfin
XC324344,amegfi
XC459466,amecro
XC351041,bewwre
XC289864,comrav
XC482664,cangoo
XC494025,norfli
XC496355,amecro
XC411318,amegfi
XC410558,cangoo
XC288992,norfli
XC154195,stejay
XC169598,comrav
XC121396,amecro
XC179792,bkcchi
XC307648,cangoo
XC110382,rebnut
XC243688,bewwre
XC298451,bkcchi
XC448573,houspa
XC452787,grbher3
XC268466,norfli
XC149408,sonspa
XC307684,houfin
XC25717,mallar3
XC149190,cangoo
XC246432,comrav
XC422408,stejay
XC442358,annhum
XC351834,mallar3
XC125073,daejun
XC122453,bewwre
XC165298,amerob
XC173006,whcspa
XC313078,whcspa
XC383027,grbher3
XC179086,amegfi
XC110314,mallar3
XC481640,mallar3
XC143574,grbher3
XC282933,comrav
XC173874,rethaw
XC164791,bkcchi
XC297478,norfli
XC187409,amerob
XC393996,sonspa
XC469658,sonspa
XC132248,annhum
XC393853,whcspa
XC253704,amegfi
XC469007,bewwre
XC137865,amecro
XC210518,bkcchi
XC268470,norfli
XC125072,daejun
XC391178,cangoo
XC449555,houspa
XC379036,norfli
XC198382,norfli
XC456270,stejay
XC351083,bewwre
XC130557,doccor
XC350764,annhum
XC144664,bkcchi
XC125075,daejun
XC212635,stejay
XC132258,annhum
XC264118,rewbla
XC406329,daejun
XC482263,rewbla
XC175222,amerob
XC355086,stejay
XC395485,grbher3
XC192804,comrav
XC282931,comrav
XC127375,mallar3
XC483622,rewbla
XC368294,spotow
XC449492,daejun
XC154376,comrav
XC469660,cangoo
XC169999,comrav
XC441200,houfin
XC297303,mallar3
XC189808,amerob
XC445424,sonspa
XC436930,mallar3
XC181419,daejun
XC383534,cangoo
XC126678,spotow
XC349769,rebnut
XC473424,sonspa
XC139200,rethaw
XC288687,mallar3
XC210744,amegfi
XC440957,rebnut
XC373771,whcspa
XC428425,amegfi
XC463475,mallar3
XC175038,bkcchi
XC197923,whcspa
XC392953,rebnut
XC156746,bkcchi
XC472457,houspa
XC453930,rebnut
XC384539,houspa
XC496354,amecro
XC377123,rethaw
XC170903,norfli
XC503349,stejay
XC356718,stejay
XC283432,whcspa
XC466633,sonspa
XC125070,daejun
XC295851,stejay
XC129646,sonspa
XC187768,rebnut
XC443452,houspa
XC31023,amegfi
XC451728,grbher3
XC348371,daejun
XC177284,houspa
XC373449,cangoo
XC381708,spotow
XC305662,cangoo
XC217857,bewwre
XC191448,sonspa
XC212912,comrav
XC129798,amerob
XC384033,sonspa
XC375516,sonspa
XC486563,amegfi
XC181448,norfli
XC179113,whcspa
XC52324,cangoo
XC173876,rethaw
XC135477,bkcchi
XC454911,cangoo
XC134970,grbher3
XC372211,amegfi
XC445426,spotow
XC473452,spotow
XC267750,norfli
XC503597,cangoo
XC233997,rethaw
XC234884,mallar3
XC217824,bewwre
XC306748,sonspa
XC354615,norfli
XC178940,daejun
XC367697,amegfi
XC307484,amerob
XC314416,houfin
XC302550,sonspa
XC246433,comrav
XC314874,amecro
XC128229,norfli
XC469011,spotow
XC452609,amerob
XC429266,amegfi
XC462771,annhum
XC169085,amegfi
XC480463,rethaw
XC135478,bkcchi
XC490931,stejay
XC469591,houfin
XC489339,daejun
XC381508,sonspa
XC265520,stejay
XC205423,spotow
XC264344,amerob
XC352964,bkcchi
XC445845,whcspa
XC139643,rebnut
XC490775,stejay
XC173150,bewwre
XC115940,amecro
XC139644,rebnut
XC132229,annhum
XC192229,comrav
XC146343,comrav
XC398285,rebnut
XC297794,grbher3
XC262905,comrav
XC454621,amegfi
XC282428,amerob
XC364635,amecro
XC164606,cangoo
XC152640,mallar3
XC445848,whcspa
XC130558,doccor
XC333146,amecro
XC423324,houfin
XC149417,sonspa
XC178016,bewwre
XC319145,spotow
XC481933,amecro
XC503885,mallar3
XC382127,rebnut
XC126997,spotow
XC133006,doccor
XC336819,sonspa
XC321389,bkcchi
XC149410,sonspa
XC142907,mallar3
XC445960,stejay
XC385859,sonspa
XC179494,comrav
XC198499,annhum
XC457476,stejay
XC177731,doccor
XC131952,bkcchi
XC160906,annhum
XC138340,sonspa
XC184998,whcspa
XC217835,bewwre
XC462769,annhum
XC172882,amecro
XC320388,rebnut
XC461612,sonspa
XC253712,rebnut
XC388682,amecro
XC385027,amegfi
XC289862,comrav
XC429250,sonspa
XC187481,amecro
XC192287,grbher3
XC121584,rewbla
XC209766,comrav
XC340599,mallar3
XC368732,cangoo
XC483875,amerob
XC452628,norfli
XC211327,rebnut
XC253366,rewbla
XC349770,rebnut
XC293812,amecro
XC385206,amegfi
XC125252,whcspa
XC182419,stejay
XC104514,daejun
XC287876,norfli
XC410727,norfli
XC433108,mallar3
XC378922,houfin
XC126663,spotow
XC175040,rewbla
XC115939,amecro
XC124411,comrav
XC414547,houspa
XC152399,rewbla
XC357809,rebnut
XC268465,houfin
XC211484,bkcchi
XC465627,grbher3
XC192099,amegfi
XC416339,whcspa
XC389302,rebnut
XC128948,mallar3
XC112680,mallar3
XC131953,daejun
XC217911,bewwre
XC406987,stejay
XC325932,sonspa
XC132237,annhum
XC416294,amerob
XC297281,rethaw
XC358850,houfin
XC410513,houfin
XC296660,bewwre
XC468997,rewbla
XC190360,norfli
XC160910,annhum
XC377559,houspa
XC344953,rebnut
XC356717,stejay
XC132243,annhum
XC289009,bkcchi
XC172752,bewwre
XC165304,amerob
XC124312,amegfi
XC297479,norfli
XC475740,daejun
XC246430,comrav
XC503475,houspa
XC165272,amerob
XC163618,mallar3
XC128490,amerob
XC367257,annhum
XC466717,sonspa
XC460144,mallar3
XC376224,spotow
XC125077,daejun
XC211324,rebnut
XC306896,comrav
XC325254,daejun
XC495820,mallar3
XC327700,stejay
XC164259,bewwre
XC479870,houspa
XC120878,bkcchi
XC210864,comrav
XC177988,rewbla
XC115938,amecro
XC492128,houspa
XC309641,amecro
XC219357,houfin
XC309651,norfli
XC187999,grbher3
XC315561,rethaw
XC104512,daejun
XC285222,mallar3
XC501839,spotow
XC389301,rebnut
XC368590,amegfi
XC268464,houfin
XC188375,rewbla
XC240215,houspa
XC209767,comrav
XC289054,daejun
XC483199,bkcchi
XC367065,spotow
XC17120,amegfi
XC114561,amecro
XC368448,rewbla
XC488254,rewbla
XC325228,spotow
XC325379,spotow
XC298826,mallar3
XC479788,cangoo
XC373791,daejun
XC479483,rewbla
XC317745,doccor
XC17094,bkcchi
XC374320,houspa
XC448954,norfli
XC237222,mallar3
XC415443,bkcchi
XC199576,rebnut
XC384076,spotow
XC394835,amerob
XC351081,bewwre
XC362469,sonspa
XC296918,annhum
XC211330,rebnut
XC166107,norfli
XC364247,houspa
XC157773,whcspa
XC219358,houfin
XC306936,houfin
XC325935,amecro
XC124413,comrav
XC493658,rethaw
XC123501,mallar3
XC294133,rebnut
XC448274,amerob
XC52470,grbher3
XC465010,annhum
XC487484,daejun
XC462056,amegfi
XC172492,rewbla
XC141919,cangoo
XC368607,rewbla
XC368592,norfli
XC363819,mallar3
XC327808,rewbla
XC210124,rebnut
XC254537,bewwre
XC312026,stejay
XC345874,amecro
XC217913,bewwre
XC435568,mallar3
XC378732,cangoo
XC171104,houfin
XC211322,rebnut
XC410560,cangoo
XC351285,comrav
XC413181,grbher3
XC302549,bkcchi
XC168046,spotow
XC376566,houspa
XC169243,rewbla
XC326272,bewwre
XC172751,bewwre
XC416534,cangoo
XC124416,comrav
XC165291,amerob
XC128240,whcspa
XC452107,grbher3
XC358702,rewbla
XC246113,rewbla
XC131960,sonspa
XC444029,houspa
XC451370,bewwre
XC434854,mallar3
XC341896,comrav
XC216075,bkcchi
XC110381,rebnut
XC192494,daejun
XC389252,amegfi
XC237289,houspa
XC473453,spotow
XC126661,spotow
XC184231,whcspa
XC139438,bkcchi
XC307480,rethaw
XC474984,cangoo
XC124484,annhum
XC120843,annhum
XC217841,bewwre
XC307857,comrav
XC479933,rewbla
XC277126,bkcchi
XC476494,amerob
XC125725,daejun
XC170836,stejay
XC165398,cangoo
XC443284,rebnut
XC314413,bewwre
XC466484,houfin
XC125762,whcspa
XC296027,bkcchi
XC381554,sonspa
XC135547,daejun
XC303718,houspa
XC193109,doccor
XC178015,bewwre
XC297302,mallar3
XC453109,annhum
XC193118,doccor
XC494451,norfli
XC368857,stejay
XC173769,norfli
XC478423,whcspa
XC468308,houspa
XC254484,amerob
XC312736,sonspa
XC137775,rewbla
XC161635,rewbla
XC476270,amegfi
XC482207,whcspa
XC490130,mallar3
XC478243,grbher3
XC407827,bkcchi
XC198252,comrav
XC142721,rewbla
XC418304,spotow
XC163627,spotow
XC448288,houspa
XC109668,bewwre
XC199589,rethaw
XC137564,rebnut
XC153555,sonspa
XC145783,doccor
XC413789,amecro
XC138063,amerob
XC173438,cangoo
XC464766,amerob
XC313679,amegfi
XC126658,spotow
XC229922,comrav
XC428537,houspa
XC368615,amerob
XC459465,whcspa
XC132219,annhum
XC464715,houspa
XC161649,whcspa
XC82755,rewbla
XC313680,amegfi
XC11575,stejay
XC254556,houfin
XC172422,stejay
XC394110,amegfi
XC31162,rethaw
XC109654,stejay
XC464580,houspa
XC139987,bkcchi
XC451300,bewwre
XC114560,amecro
XC206082,amecro
XC304797,norfli
XC37387,bkcchi
XC349777,rebnut
XC493657,rethaw
XC265075,bkcchi
XC126679,spotow
XC467022,sonspa
XC236476,houspa
XC149412,sonspa
XC121435,annhum
XC110813,annhum
XC191954,amecro
XC137764,cangoo
XC381892,rebnut
XC353077,spotow
XC385023,amecro
XC399850,rebnut
XC205870,spotow
XC125078,daejun
XC173967,norfli
XC188371,houfin
XC459880,houspa
XC179107,rewbla
XC192591,rewbla
XC383971,sonspa
XC325659,amegfi
XC396298,grbher3
XC116041,houspa
XC490827,cangoo
XC309318,amerob
XC237496,stejay
XC70185,bkcchi
XC502629,amegfi
XC214589,norfli
XC209320,annhum
XC451211,amerob
XC206096,daejun
XC211325,rebnut
XC130682,grbher3
XC325098,amegfi
XC404505,amecro
XC376760,houfin
XC268458,houfin
XC147524,whcspa
XC335466,whcspa
XC448967,cangoo
XC217823,bewwre
XC127600,amegfi
XC483578,amerob
XC261399,spotow
XC492287,norfli
XC112679,houspa
XC48065,houspa
XC178779,bkcchi
XC139770,houspa
XC349554,sonspa
XC168578,houspa
XC156487,whcspa
XC411259,rebnut
XC343495,comrav
XC382854,rethaw
XC196268,rewbla
XC296468,grbher3
XC476943,norfli
XC165295,amerob
XC490934,bewwre
XC331701,rebnut
XC219345,houfin
XC167134,stejay
XC112829,amecro
XC469881,annhum
XC147527,comrav
XC298822,mallar3
XC178135,cangoo
XC51410,amecro
XC406526,annhum
XC477033,rewbla
XC253535,bkcchi
XC185684,whcspa
XC179098,whcspa
XC104528,spotow
XC126657,spotow
XC143571,doccor
XC183584,spotow
XC253533,whcspa
XC385843,amerob
XC482331,amerob
XC126691,spotow
XC139056,daejun
XC182073,amegfi
XC160907,annhum
XC360684,cangoo
XC288990,norfli
XC477131,daejun
XC350181,rethaw
XC351038,bewwre
XC109768,amecro
XC127002,spotow
XC330636,daejun
XC254552,bewwre
XC177468,whcspa
XC493105,rethaw
XC169597,annhum
XC481195,whcspa
XC400968,annhum
XC481214,daejun
XC317033,cangoo
XC126662,spotow
XC114551,amecro
XC139902,rethaw
XC160999,rethaw
XC138338,sonspa
XC205947,rewbla
XC309624,houfin
XC298454,sonspa
XC104614,mallar3
XC348370,daejun
XC246812,sonspa
XC139086,amerob
XC256770,spotow
XC169083,amegfi
XC431624,mallar3
XC104516,rebnut
XC190802,grbher3
XC392206,mallar3
XC327553,houfin
XC351547,houspa
XC139929,whcspa
XC149941,bkcchi
XC323308,amegfi
XC407824,rewbla
XC348628,norfli
XC109040,rewbla
XC477042,sonspa
XC156822,annhum
XC161078,doccor
XC366606,sonspa
XC109852,annhum
XC362956,norfli
XC196991,mallar3
XC267870,cangoo
XC465001,amerob
XC365740,rebnut
XC473435,spotow
XC294191,bewwre
XC405293,houspa
XC448959,houfin
XC382056,doccor
XC268457,houfin
XC293940,comrav
XC423359,houfin
XC438428,houspa
XC473419,daejun
XC206070,amegfi
XC383780,houfin
XC147336,grbher3
XC145782,doccor
XC252944,stejay
XC198054,annhum
XC265523,stejay
XC131442,annhum
XC125081,daejun
XC126022,amecro
XC189032,comrav
XC318014,amecro
XC354613,norfli
XC181497,amecro
XC167839,grbher3
XC219762,houfin
XC381707,spotow
XC126629,spotow
XC212942,stejay
XC169082,amegfi
XC166469,stejay
XC383960,amegfi
XC493268,annhum
XC265359,rethaw
XC484169,spotow
XC211328,rebnut
XC140139,daejun
XC292274,annhum
XC500125,bkcchi
XC172881,amecro
XC125774,whcspa
XC236408,cangoo
XC455123,rethaw
XC452100,grbher3
XC134017,bkcchi
XC173184,annhum
XC254547,houfin
XC390091,stejay
XC141479,houfin
XC199733,comrav
XC429251,sonspa
XC195540,amecro
XC362498,rebnut
XC164257,rewbla
XC377142,rewbla
XC177152,amegfi
XC165292,amerob
XC119597,comrav
XC386748,rebnut
XC321833,norfli
XC114552,amecro
XC277025,spotow
XC195804,daejun
XC193227,rethaw
XC143664,rewbla
XC309928,amerob
XC449270,sonspa
XC424354,cangoo
XC479768,rebnut
XC120877,rebnut
XC193111,amecro
XC383784,bewwre
XC168634,rewbla
XC313463,amegfi
XC354616,norfli
XC138151,daejun
XC77884,bkcchi
XC332054,bkcchi
XC109606,amegfi
XC351076,bewwre
XC390512,houspa
XC298362,amegfi
XC445851,whcspa
XC140272,norfli
XC140490,houfin
XC412644,cangoo
XC145780,doccor
XC354614,norfli
XC453932,rethaw
XC114073,bkcchi
XC219339,houfin
XC496109,amegfi
XC350757,rebnut
XC473414,bkcchi
XC370862,bkcchi
XC473567,mallar3
XC462770,annhum
XC327904,bkcchi
XC177292,houfin
XC289017,houfin
XC381535,amerob
XC476570,grbher3
XC433239,bkcchi
XC311858,houfin
XC477062,whcspa
XC451371,bewwre
XC375662,sonspa
XC373772,whcspa
XC246428,comrav
XC138337,sonspa
XC189381,cangoo
XC381570,sonspa
XC316302,amecro
XC269468,norfli
XC164729,amerob
XC470472,houspa
XC323981,bewwre
XC279721,amecro
XC16894,grbher3
XC125076,daejun
XC468779,houfin
XC112666,houspa
XC70208,houfin
XC365749,daejun
XC405237,houspa
XC293741,stejay
XC248138,norfli
XC493111,houfin
XC323979,bewwre
XC321746,stejay
XC165661,stejay
XC187328,rewbla
XC290140,sonspa
XC109653,stejay
XC349392,comrav
XC169594,daejun
XC120842,annhum
XC145779,doccor
XC114556,amecro
XC504196,amerob
XC357091,mallar3
XC462126,spotow
XC368614,amerob
XC210746,amegfi
XC185539,whcspa
XC173877,rethaw
XC383079,whcspa
XC465043,rebnut
XC324443,bewwre
XC114666,whcspa
XC114554,amecro
XC406662,bkcchi
XC456644,amecro
XC193105,doccor
XC463598,cangoo
XC313676,norfli
XC176988,rethaw
XC432599,whcspa
XC444202,rethaw
XC420274,whcspa
XC347701,norfli
XC371801,bewwre
XC183586,rethaw
XC340601,mallar3
XC128909,spotow
XC122553,houspa
XC496082,rebnut
XC189976,daejun
XC478809,spotow
XC130846,grbher3
XC323977,bewwre
XC483898,mallar3
XC182565,whcspa
XC240406,annhum
XC109651,annhum
XC32237,rethaw
XC180225,cangoo
XC381586,daejun
XC211354,cangoo
XC192078,amegfi
XC306176,rethaw
XC306933,houfin
XC400638,cangoo
XC421294,daejun
XC381568,sonspa
XC471017,mallar3
XC213774,comrav
XC322200,cangoo
XC141469,amegfi
XC368497,daejun
XC57970,annhum
XC357068,rethaw
XC167827,comrav
XC384065,rewbla
XC172408,daejun
XC362401,annhum
XC173882,rethaw
XC168584,bewwre
XC277882,cangoo
XC394524,daejun
XC214449,norfli
XC317971,norfli
XC290097,rethaw
XC282263,rethaw
XC457599,whcspa
XC501838,spotow
XC293941,comrav
XC138334,rewbla
XC169080,amegfi
XC121436,whcspa
XC307211,comrav
XC363864,cangoo
XC454252,amecro
XC169116,norfli
XC306906,comrav
XC346414,stejay
XC290138,sonspa
XC446462,amerob
XC449061,mallar3
XC160908,annhum
XC503268,houspa
XC481875,houfin
XC179304,amegfi
XC479950,sonspa
XC176156,grbher3
XC430463,houspa
XC138070,norfli
XC428722,houfin
XC168631,rewbla
XC188039,whcspa
XC456271,stejay
XC114557,amecro
XC346074,grbher3
XC313677,bkcchi
XC124414,comrav
XC441749,houspa
XC195781,daejun
XC451372,bewwre
XC165280,amerob
XC244494,rethaw
XC198175,bewwre
XC465045,rebnut
XC196689,annhum
XC148918,houspa
XC142658,rewbla
XC456267,stejay
XC341581,rebnut
XC112598,amecro
XC494258,daejun
XC278350,bkcchi
XC285081,rebnut
XC309697,bewwre
XC325137,bewwre
XC420400,daejun
XC393852,rebnut
XC476496,amerob
XC327633,rethaw
XC321747,stejay
XC155236,sonspa
XC141757,rewbla
XC464997,amerob
XC477976,rewbla
XC124078,houfin
XC407930,sonspa
XC165294,amerob
XC321497,bewwre
XC289834,whcspa
XC171094,bewwre
XC489338,stejay
XC490930,rebnut
XC311564,bkcchi
XC156522,spotow
XC122615,norfli
XC110262,stejay
XC217819,bewwre
XC414021,amecro
XC486798,bewwre
XC450756,rethaw
XC210486,houspa
XC497824,mallar3
XC459146,houspa
XC383292,houspa
XC495823,mallar3
XC383849,rebnut
XC167910,comrav
XC188370,sonspa
XC357459,rethaw
XC139798,amegfi
XC431685,houspa
XC390093,stejay
XC253572,norfli
XC495694,houspa
XC173875,rethaw
XC411391,rethaw
XC374840,bkcchi
XC153539,norfli
XC178943,cangoo
XC381579,amerob
XC127296,comrav
XC462593,mallar3
XC125399,mallar3
XC373661,rebnut
XC464442,houspa
XC269082,amerob
XC283379,whcspa
XC391162,mallar3
XC357025,stejay
XC206154,whcspa
XC149420,sonspa
XC296586,grbher3
XC319180,rebnut
XC246537,mallar3
XC348985,annhum
XC503309,stejay
XC310621,cangoo
XC376180,amecro
XC196990,mallar3
XC132220,annhum
XC283386,whcspa
XC451240,annhum
XC473411,annhum
XC326406,whcspa
XC479586,houspa
XC459444,bkcchi
XC305061,comrav
XC333590,rethaw
XC174594,comrav
XC147920,sonspa
XC139623,daejun
XC366599,amerob
XC412625,stejay
XC297436,stejay
XC137659,rewbla
XC447437,houspa
XC132216,annhum
XC474615,amerob
XC351736,bkcchi
XC320472,amerob
XC321707,rethaw
XC421003,bkcchi
XC211326,rebnut
XC329104,stejay
XC315866,cangoo
XC401311,rethaw
XC169295,comrav
XC123370,bewwre
XC160912,annhum
XC268481,amecro
XC318283,bewwre
XC302307,stejay
XC169244,rewbla
XC376476,houspa
XC313678,amegfi
XC495066,houspa
XC326772,rebnut
XC173148,bewwre
XC147252,comrav
XC254478,daejun
XC420275,whcspa
XC187475,comrav
XC156739,whcspa
XC156729,spotow
XC182680,bkcchi
XC204703,cangoo
XC179092,amegfi
XC481935,houfin
XC169249,rewbla
XC191952,amecro
XC305409,houfin
XC378356,rebnut
XC37259,grbher3
XC485308,houspa
XC475243,norfli
XC351058,bewwre
XC204701,cangoo
XC165299,amerob
XC461240,annhum
XC362113,rebnut
XC292470,stejay
XC205433,bewwre
XC179074,amegfi
XC158519,rethaw
XC46614,mallar3
XC390608,amegfi
XC411047,bewwre
XC217853,bewwre
XC246427,comrav
XC297333,comrav
XC104511,daejun
XC479476,daejun
XC481136,amecro
XC207216,mallar3
XC193107,doccor
XC160914,annhum
XC328235,houfin
XC384027,amerob
XC451298,bewwre
XC132256,annhum
XC304269,bkcchi
XC126634,spotow
XC375510,rewbla
XC441192,norfli
XC424738,amecro
XC167132,norfli
XC492768,stejay
XC205810,sonspa
XC337295,rebnut
XC254591,norfli
XC207795,daejun
XC445961,stejay
XC433241,rethaw
XC197259,amecro
XC168590,spotow
XC284495,bkcchi
XC174869,bkcchi
XC193106,doccor
XC291964,comrav
XC297482,sonspa
XC51411,amegfi
XC127624,cangoo
XC167792,amecro
XC327747,daejun
XC325947,cangoo
XC492126,houspa
XC368286,norfli
XC195783,daejun
XC501895,annhum
XC320376,bkcchi
XC332328,amecro
XC362114,rethaw
XC57971,annhum
XC488801,cangoo
XC307445,bewwre
XC325002,norfli
XC143435,comrav
XC155237,sonspa
XC476735,spotow
XC449497,annhum
XC26966,mallar3
XC325096,amecro
XC176932,comrav
XC417786,cangoo
XC420819,sonspa
XC182078,amegfi
XC445084,grbher3
XC466481,houfin
XC27147,comrav
XC307981,spotow
XC494456,stejay
XC460987,amecro
XC237697,mallar3
XC325916,rethaw
XC368594,rewbla
XC265522,stejay
XC388771,cangoo
XC295330,stejay
XC210121,rebnut
XC422421,amerob
XC327575,rethaw
XC125253,rewbla
XC143211,whcspa
XC420814,grbher3
XC367795,rethaw
XC182141,rethaw
XC349778,rebnut
XC218805,doccor
XC414548,houspa
XC472218,rewbla
XC376028,sonspa
XC452540,annhum
XC252369,spotow
XC328542,amecro
XC351049,bewwre
XC297306,mallar3
XC301613,rebnut
XC479795,annhum
XC350756,rebnut
XC153035,annhum
XC217851,bewwre
XC219333,mallar3
XC270233,stejay
XC289225,sonspa
XC31160,rethaw
XC196154,grbher3
XC362464,rebnut
XC254477,daejun
XC172438,norfli
XC480052,amecro
XC132254,annhum
XC453252,norfli
XC481125,spotow
XC337504,rethaw
XC132864,amerob
XC131637,amegfi
XC489342,stejay
XC436407,mallar3
XC492745,spotow
XC307811,houfin
XC269699,stejay
XC448090,bkcchi
XC164308,houfin
XC297304,mallar3
XC168580,houfin
XC165284,amerob
XC180434,norfli
XC216178,bewwre
XC288627,stejay
XC306935,houfin
XC415272,cangoo
XC431935,rebnut
XC210861,comrav
XC319140,houfin
XC388698,rebnut
XC302773,spotow
XC195844,daejun
XC233496,amecro
XC182566,spotow
XC140990,norfli
XC313681,amegfi
XC175254,amegfi
XC243359,comrav
XC240829,cangoo
XC195889,rebnut
XC198767,whcspa
XC357023,mallar3
XC293818,sonspa
XC501691,grbher3
XC284487,bkcchi
XC307858,comrav
XC419194,grbher3
XC325391,rethaw
XC312084,grbher3
XC388255,amegfi
XC464089,cangoo
XC430943,houspa
XC143576,grbher3
XC319571,spotow
XC206127,whcspa
XC187101,norfli
XC193112,amecro
XC481270,rethaw
XC368449,rewbla
XC153552,amegfi
XC294256,amegfi
